<certe_dump>
  <instance type=" test_top "> 
     uvm_test_top 
  
     <instance type=" lc3_environment "> 
        environment 
  
        <instance type=" control_environment "> 
           control_env 
  
           <instance type=" control_converter "> 
              control_converter_inst 
  
              <port if_type = "uvm_analysis_port" txn_type = "anonymous"> 
                 control_in_ap 
              </port> 
  
              <imp if_type = "uvm_analysis_imp_decode_out_ae" txn_type = "anonymous"> 
                 decode_out_ae 
              </imp> 
  
              <imp if_type = "uvm_analysis_imp_dmem_ae" txn_type = "anonymous"> 
                 dmem_ae 
              </imp> 
  
              <imp if_type = "uvm_analysis_imp_execute_out_ae" txn_type = "anonymous"> 
                 execute_out_ae 
              </imp> 
  
              <imp if_type = "uvm_analysis_imp_imem_ae" txn_type = "anonymous"> 
                 imem_ae 
              </imp> 
  
              <imp if_type = "uvm_analysis_imp_writeback_out_ae" txn_type = "anonymous"> 
                 writeback_out_ae 
              </imp> 
           </instance> 
  
  
           <instance type=" control_in_agent "> 
              control_in_agent 
  
              <instance type=" control_in_monitor "> 
                 control_in_agent_monitor 
  
                 <port if_type = "uvm_analysis_port" txn_type = "anonymous"> 
                    monitored_ap 
                    <connection>  uvm_test_top.environment.control_env.control_in_agent.monitored_ap  </connection> 
                 </port> 
              </instance> 
  
  
              <port if_type = "uvm_analysis_port" txn_type = "anonymous"> 
                 monitored_ap 
                 <connection>  uvm_test_top.environment.control_env.control_pred.control_in_ae  </connection> 
              </port> 
           </instance> 
  
  
           <instance type=" control_out_agent "> 
              control_out_agent 
  
              <instance type=" control_out_monitor "> 
                 control_out_agent_monitor 
  
                 <port if_type = "uvm_analysis_port" txn_type = "anonymous"> 
                    monitored_ap 
                    <connection>  uvm_test_top.environment.control_env.control_out_agent.monitored_ap  </connection> 
                 </port> 
              </instance> 
  
  
              <port if_type = "uvm_analysis_port" txn_type = "anonymous"> 
                 monitored_ap 
                 <connection>  uvm_test_top.environment.control_env.control_sb.actual_analysis_export  </connection> 
              </port> 
           </instance> 
  
  
           <instance type=" uvm_component "> 
              control_pred 
  
              <imp if_type = "uvm_analysis_imp_control_in_ae" txn_type = "anonymous"> 
                 control_in_ae 
              </imp> 
  
              <port if_type = "uvm_analysis_port" txn_type = "anonymous"> 
                 control_predictor_ap 
                 <connection>  uvm_test_top.environment.control_env.control_sb.expected_analysis_export  </connection> 
              </port> 
           </instance> 
  
  
           <instance type=" uvm_scoreboard "> 
              control_sb 
  
              <imp if_type = "uvm_analysis_imp_actual" txn_type = "anonymous"> 
                 actual_analysis_export 
              </imp> 
  
              <imp if_type = "uvm_analysis_imp_expected" txn_type = "anonymous"> 
                 expected_analysis_export 
              </imp> 
           </instance> 
  
  
           <instance type=" uvm_sequencer "> 
              vsqr 
  
              <export if_type = "uvm_analysis_export" txn_type = "anonymous"> 
                 rsp_export 
                 <connection>  uvm_test_top.environment.control_env.vsqr.sqr_rsp_analysis_fifo.analysis_export  </connection> 
              </export> 
  
              <imp if_type = "uvm_seq_item_pull_imp" txn_type = "anonymous"> 
                 seq_item_export 
              </imp> 
           </instance> 
  
        </instance> 
  
  
        <instance type=" decode_environment "> 
           decode_env 
  
           <instance type=" decode_converter "> 
              decode_converter_inst 
  
              <imp if_type = "uvm_analysis_imp_control_out_ae" txn_type = "anonymous"> 
                 control_out_ae 
              </imp> 
  
              <port if_type = "uvm_analysis_port" txn_type = "anonymous"> 
                 decode_in_ap 
              </port> 
  
              <imp if_type = "uvm_analysis_imp_fetch_out_ae" txn_type = "anonymous"> 
                 fetch_out_ae 
              </imp> 
  
              <imp if_type = "uvm_analysis_imp_imem_ae" txn_type = "anonymous"> 
                 imem_ae 
              </imp> 
           </instance> 
  
  
           <instance type=" decode_in_agent "> 
              decode_in_agent 
  
              <instance type=" decode_in_transaction_coverage "> 
                 decode_in_agent_coverage 
  
                 <imp if_type = "uvm_analysis_imp" txn_type = "anonymous"> 
                    analysis_imp 
                 </imp> 
              </instance> 
  
  
              <instance type=" decode_in_monitor "> 
                 decode_in_agent_monitor 
  
                 <port if_type = "uvm_analysis_port" txn_type = "anonymous"> 
                    monitored_ap 
                    <connection>  uvm_test_top.environment.decode_env.decode_in_agent.decode_in_agent_coverage.analysis_imp  </connection> 
                    <connection>  uvm_test_top.environment.decode_env.decode_in_agent.monitored_ap  </connection> 
                 </port> 
              </instance> 
  
  
              <port if_type = "uvm_analysis_port" txn_type = "anonymous"> 
                 monitored_ap 
                 <connection>  uvm_test_top.environment.decode_env.decode_pred.decode_in_agent_ae  </connection> 
              </port> 
           </instance> 
  
  
           <instance type=" decode_out_agent "> 
              decode_out_agent 
  
              <instance type=" decode_out_transaction_coverage "> 
                 decode_out_agent_coverage 
  
                 <imp if_type = "uvm_analysis_imp" txn_type = "anonymous"> 
                    analysis_imp 
                 </imp> 
              </instance> 
  
  
              <instance type=" decode_out_monitor "> 
                 decode_out_agent_monitor 
  
                 <port if_type = "uvm_analysis_port" txn_type = "anonymous"> 
                    monitored_ap 
                    <connection>  uvm_test_top.environment.decode_env.decode_out_agent.decode_out_agent_coverage.analysis_imp  </connection> 
                    <connection>  uvm_test_top.environment.decode_env.decode_out_agent.monitored_ap  </connection> 
                 </port> 
              </instance> 
  
  
              <port if_type = "uvm_analysis_port" txn_type = "anonymous"> 
                 monitored_ap 
                 <connection>  uvm_test_top.environment.decode_env.decode_sb.actual_analysis_export  </connection> 
              </port> 
           </instance> 
  
  
           <instance type=" uvm_component "> 
              decode_pred 
  
              <imp if_type = "uvm_analysis_imp_decode_in_agent_ae" txn_type = "anonymous"> 
                 decode_in_agent_ae 
              </imp> 
  
              <port if_type = "uvm_analysis_port" txn_type = "anonymous"> 
                 decode_sb_ap 
                 <connection>  uvm_test_top.environment.decode_env.decode_sb.expected_analysis_export  </connection> 
              </port> 
           </instance> 
  
  
           <instance type=" uvm_scoreboard "> 
              decode_sb 
  
              <imp if_type = "uvm_analysis_imp_actual" txn_type = "anonymous"> 
                 actual_analysis_export 
              </imp> 
  
              <imp if_type = "uvm_analysis_imp_expected" txn_type = "anonymous"> 
                 expected_analysis_export 
              </imp> 
           </instance> 
  
  
           <instance type=" uvm_sequencer "> 
              vsqr 
  
              <export if_type = "uvm_analysis_export" txn_type = "anonymous"> 
                 rsp_export 
                 <connection>  uvm_test_top.environment.decode_env.vsqr.sqr_rsp_analysis_fifo.analysis_export  </connection> 
              </export> 
  
              <imp if_type = "uvm_seq_item_pull_imp" txn_type = "anonymous"> 
                 seq_item_export 
              </imp> 
           </instance> 
  
        </instance> 
  
  
        <instance type=" dmem_agent "> 
           dmem_agent_h 
  
           <instance type=" dmem_driver "> 
              dmem_agent_h_driver 
  
              <port if_type = "uvm_analysis_port" txn_type = "anonymous"> 
                 rsp_port 
                 <connection>  uvm_test_top.environment.dmem_agent_h.sequencer.rsp_export  </connection> 
              </port> 
  
              <port if_type = "uvm_seq_item_pull_port" txn_type = "anonymous"> 
                 seq_item_port 
                 <connection>  uvm_test_top.environment.dmem_agent_h.sequencer.seq_item_export  </connection> 
              </port> 
           </instance> 
  
  
           <instance type=" dmem_monitor "> 
              dmem_agent_h_monitor 
  
              <port if_type = "uvm_analysis_port" txn_type = "anonymous"> 
                 monitored_ap 
                 <connection>  uvm_test_top.environment.dmem_agent_h.monitored_ap  </connection> 
              </port> 
           </instance> 
  
  
           <port if_type = "uvm_analysis_port" txn_type = "anonymous"> 
              monitored_ap 
           </port> 
  
           <instance type=" uvm_sequencer "> 
              sequencer 
  
              <export if_type = "uvm_analysis_export" txn_type = "anonymous"> 
                 rsp_export 
                 <connection>  uvm_test_top.environment.dmem_agent_h.sequencer.sqr_rsp_analysis_fifo.analysis_export  </connection> 
              </export> 
  
              <imp if_type = "uvm_seq_item_pull_imp" txn_type = "anonymous"> 
                 seq_item_export 
              </imp> 
           </instance> 
  
        </instance> 
  
  
        <instance type=" execute_environment "> 
           execute_env 
  
           <instance type=" execute_in_agent "> 
              execute_agent_in 
  
              <instance type=" execute_in_monitor "> 
                 execute_agent_in_monitor 
  
                 <port if_type = "uvm_analysis_port" txn_type = "anonymous"> 
                    monitored_ap 
                    <connection>  uvm_test_top.environment.execute_env.execute_agent_in.monitored_ap  </connection> 
                 </port> 
              </instance> 
  
  
              <port if_type = "uvm_analysis_port" txn_type = "anonymous"> 
                 monitored_ap 
                 <connection>  uvm_test_top.environment.execute_env.execute_predictor.execute_analysis_export  </connection> 
              </port> 
           </instance> 
  
  
           <instance type=" execute_out_agent "> 
              execute_agent_out 
  
              <instance type=" execute_out_monitor "> 
                 execute_agent_out_monitor 
  
                 <port if_type = "uvm_analysis_port" txn_type = "anonymous"> 
                    monitored_ap 
                    <connection>  uvm_test_top.environment.execute_env.execute_agent_out.monitored_ap  </connection> 
                 </port> 
              </instance> 
  
  
              <port if_type = "uvm_analysis_port" txn_type = "anonymous"> 
                 monitored_ap 
                 <connection>  uvm_test_top.environment.execute_env.execute_scoreboard.actual_analysis_export  </connection> 
              </port> 
           </instance> 
  
  
           <instance type=" execute_converter "> 
              execute_converter_inst 
  
              <imp if_type = "uvm_analysis_imp_control_out_ae" txn_type = "anonymous"> 
                 control_out_ae 
              </imp> 
  
              <imp if_type = "uvm_analysis_imp_decode_out_ae" txn_type = "anonymous"> 
                 decode_out_ae 
              </imp> 
  
              <port if_type = "uvm_analysis_port" txn_type = "anonymous"> 
                 execute_in_ap 
              </port> 
  
              <imp if_type = "uvm_analysis_imp_mem_access_out_ae" txn_type = "anonymous"> 
                 mem_access_out_ae 
              </imp> 
  
              <imp if_type = "uvm_analysis_imp_writeback_out_ae" txn_type = "anonymous"> 
                 writeback_out_ae 
              </imp> 
           </instance> 
  
  
           <instance type=" uvm_component "> 
              execute_predictor 
  
              <imp if_type = "uvm_analysis_imp_execute_analysis_export" txn_type = "anonymous"> 
                 execute_analysis_export 
              </imp> 
  
              <port if_type = "uvm_analysis_port" txn_type = "anonymous"> 
                 execute_analysis_port 
                 <connection>  uvm_test_top.environment.execute_env.execute_scoreboard.expected_analysis_export  </connection> 
              </port> 
           </instance> 
  
  
           <instance type=" uvm_scoreboard "> 
              execute_scoreboard 
  
              <imp if_type = "uvm_analysis_imp_actual" txn_type = "anonymous"> 
                 actual_analysis_export 
              </imp> 
  
              <imp if_type = "uvm_analysis_imp_expected" txn_type = "anonymous"> 
                 expected_analysis_export 
              </imp> 
           </instance> 
  
  
           <instance type=" uvm_sequencer "> 
              vsqr 
  
              <export if_type = "uvm_analysis_export" txn_type = "anonymous"> 
                 rsp_export 
                 <connection>  uvm_test_top.environment.execute_env.vsqr.sqr_rsp_analysis_fifo.analysis_export  </connection> 
              </export> 
  
              <imp if_type = "uvm_seq_item_pull_imp" txn_type = "anonymous"> 
                 seq_item_export 
              </imp> 
           </instance> 
  
        </instance> 
  
  
        <instance type=" fetch_environment "> 
           fetch_env 
  
           <instance type=" fetch_in_agent "> 
              agent_fetch_in 
  
              <instance type=" fetch_in_monitor "> 
                 agent_fetch_in_monitor 
  
                 <port if_type = "uvm_analysis_port" txn_type = "anonymous"> 
                    monitored_ap 
                    <connection>  uvm_test_top.environment.fetch_env.agent_fetch_in.monitored_ap  </connection> 
                 </port> 
              </instance> 
  
  
              <port if_type = "uvm_analysis_port" txn_type = "anonymous"> 
                 monitored_ap 
                 <connection>  uvm_test_top.environment.fetch_env.predictor.agent_analysis_export  </connection> 
              </port> 
           </instance> 
  
  
           <instance type=" fetch_out_agent "> 
              agent_fetch_out 
  
              <instance type=" fetch_out_monitor "> 
                 agent_fetch_out_monitor 
  
                 <port if_type = "uvm_analysis_port" txn_type = "anonymous"> 
                    monitored_ap 
                    <connection>  uvm_test_top.environment.fetch_env.agent_fetch_out.monitored_ap  </connection> 
                 </port> 
              </instance> 
  
  
              <port if_type = "uvm_analysis_port" txn_type = "anonymous"> 
                 monitored_ap 
                 <connection>  uvm_test_top.environment.fetch_env.fetch_scoreboard.actual_analysis_export  </connection> 
              </port> 
           </instance> 
  
  
           <instance type=" uvm_scoreboard "> 
              fetch_scoreboard 
  
              <imp if_type = "uvm_analysis_imp_actual" txn_type = "anonymous"> 
                 actual_analysis_export 
              </imp> 
  
              <imp if_type = "uvm_analysis_imp_expected" txn_type = "anonymous"> 
                 expected_analysis_export 
              </imp> 
           </instance> 
  
  
           <instance type=" uvm_component "> 
              predictor 
  
              <imp if_type = "uvm_analysis_imp_agent_analysis_export" txn_type = "anonymous"> 
                 agent_analysis_export 
              </imp> 
  
              <port if_type = "uvm_analysis_port" txn_type = "anonymous"> 
                 predictor_analysis_port 
                 <connection>  uvm_test_top.environment.fetch_env.fetch_scoreboard.expected_analysis_export  </connection> 
              </port> 
           </instance> 
  
  
           <instance type=" uvm_sequencer "> 
              vsqr 
  
              <export if_type = "uvm_analysis_export" txn_type = "anonymous"> 
                 rsp_export 
                 <connection>  uvm_test_top.environment.fetch_env.vsqr.sqr_rsp_analysis_fifo.analysis_export  </connection> 
              </export> 
  
              <imp if_type = "uvm_seq_item_pull_imp" txn_type = "anonymous"> 
                 seq_item_export 
              </imp> 
           </instance> 
  
        </instance> 
  
  
        <instance type=" imem_agent "> 
           imem_agent_h 
  
           <instance type=" imem_driver "> 
              imem_agent_h_driver 
  
              <port if_type = "uvm_analysis_port" txn_type = "anonymous"> 
                 rsp_port 
                 <connection>  uvm_test_top.environment.imem_agent_h.sequencer.rsp_export  </connection> 
              </port> 
  
              <port if_type = "uvm_seq_item_pull_port" txn_type = "anonymous"> 
                 seq_item_port 
                 <connection>  uvm_test_top.environment.imem_agent_h.sequencer.seq_item_export  </connection> 
              </port> 
           </instance> 
  
  
           <instance type=" imem_monitor "> 
              imem_agent_h_monitor 
  
              <port if_type = "uvm_analysis_port" txn_type = "anonymous"> 
                 monitored_ap 
                 <connection>  uvm_test_top.environment.imem_agent_h.monitored_ap  </connection> 
              </port> 
           </instance> 
  
  
           <port if_type = "uvm_analysis_port" txn_type = "anonymous"> 
              monitored_ap 
           </port> 
  
           <instance type=" uvm_sequencer "> 
              sequencer 
  
              <export if_type = "uvm_analysis_export" txn_type = "anonymous"> 
                 rsp_export 
                 <connection>  uvm_test_top.environment.imem_agent_h.sequencer.sqr_rsp_analysis_fifo.analysis_export  </connection> 
              </export> 
  
              <imp if_type = "uvm_seq_item_pull_imp" txn_type = "anonymous"> 
                 seq_item_export 
              </imp> 
           </instance> 
  
        </instance> 
  
  
        <instance type=" mem_access_environment "> 
           mem_access_env 
  
           <instance type=" mem_access_converter "> 
              mem_access_converter_inst 
  
              <imp if_type = "uvm_analysis_imp_control_out_ae" txn_type = "anonymous"> 
                 control_out_ae 
              </imp> 
  
              <imp if_type = "uvm_analysis_imp_dmem_ae" txn_type = "anonymous"> 
                 dmem_ae 
              </imp> 
  
              <imp if_type = "uvm_analysis_imp_execute_out_ae" txn_type = "anonymous"> 
                 execute_out_ae 
              </imp> 
  
              <port if_type = "uvm_analysis_port" txn_type = "anonymous"> 
                 mem_access_in_ap 
              </port> 
           </instance> 
  
  
           <instance type=" mem_access_in_agent "> 
              mem_access_in_agent 
  
              <instance type=" mem_access_in_monitor "> 
                 mem_access_in_agent_monitor 
  
                 <port if_type = "uvm_analysis_port" txn_type = "anonymous"> 
                    monitored_ap 
                    <connection>  uvm_test_top.environment.mem_access_env.mem_access_in_agent.monitored_ap  </connection> 
                 </port> 
              </instance> 
  
  
              <port if_type = "uvm_analysis_port" txn_type = "anonymous"> 
                 monitored_ap 
                 <connection>  uvm_test_top.environment.mem_access_env.mem_access_pred.mem_access_in_agent_ae  </connection> 
              </port> 
           </instance> 
  
  
           <instance type=" mem_access_out_agent "> 
              mem_access_out_agent 
  
              <instance type=" mem_access_out_monitor "> 
                 mem_access_out_agent_monitor 
  
                 <port if_type = "uvm_analysis_port" txn_type = "anonymous"> 
                    monitored_ap 
                    <connection>  uvm_test_top.environment.mem_access_env.mem_access_out_agent.monitored_ap  </connection> 
                 </port> 
              </instance> 
  
  
              <port if_type = "uvm_analysis_port" txn_type = "anonymous"> 
                 monitored_ap 
                 <connection>  uvm_test_top.environment.mem_access_env.mem_access_sb.actual_analysis_export  </connection> 
              </port> 
           </instance> 
  
  
           <instance type=" uvm_component "> 
              mem_access_pred 
  
              <imp if_type = "uvm_analysis_imp_mem_access_in_agent_ae" txn_type = "anonymous"> 
                 mem_access_in_agent_ae 
              </imp> 
  
              <port if_type = "uvm_analysis_port" txn_type = "anonymous"> 
                 mem_access_sb_ap 
                 <connection>  uvm_test_top.environment.mem_access_env.mem_access_sb.expected_analysis_export  </connection> 
              </port> 
           </instance> 
  
  
           <instance type=" uvm_scoreboard "> 
              mem_access_sb 
  
              <imp if_type = "uvm_analysis_imp_actual" txn_type = "anonymous"> 
                 actual_analysis_export 
              </imp> 
  
              <imp if_type = "uvm_analysis_imp_expected" txn_type = "anonymous"> 
                 expected_analysis_export 
              </imp> 
           </instance> 
  
        </instance> 
  
  
        <instance type=" uvm_sequencer "> 
           vsqr 
  
           <export if_type = "uvm_analysis_export" txn_type = "anonymous"> 
              rsp_export 
              <connection>  uvm_test_top.environment.vsqr.sqr_rsp_analysis_fifo.analysis_export  </connection> 
           </export> 
  
           <imp if_type = "uvm_seq_item_pull_imp" txn_type = "anonymous"> 
              seq_item_export 
           </imp> 
        </instance> 
  
  
        <instance type=" writeback_environment "> 
           writeback_env 
  
           <instance type=" uvm_sequencer "> 
              vsqr 
  
              <export if_type = "uvm_analysis_export" txn_type = "anonymous"> 
                 rsp_export 
                 <connection>  uvm_test_top.environment.writeback_env.vsqr.sqr_rsp_analysis_fifo.analysis_export  </connection> 
              </export> 
  
              <imp if_type = "uvm_seq_item_pull_imp" txn_type = "anonymous"> 
                 seq_item_export 
              </imp> 
           </instance> 
  
  
           <instance type=" writeback_converter "> 
              writeback_converter_inst 
  
              <imp if_type = "uvm_analysis_imp_control_out_ae" txn_type = "anonymous"> 
                 control_out_ae 
              </imp> 
  
              <imp if_type = "uvm_analysis_imp_execute_out_ae" txn_type = "anonymous"> 
                 execute_out_ae 
              </imp> 
  
              <imp if_type = "uvm_analysis_imp_mem_access_out_ae" txn_type = "anonymous"> 
                 mem_access_out_ae 
              </imp> 
  
              <port if_type = "uvm_analysis_port" txn_type = "anonymous"> 
                 writeback_in_ap 
              </port> 
           </instance> 
  
  
           <instance type=" writeback_in_agent "> 
              writeback_in_agent_h 
  
              <port if_type = "uvm_analysis_port" txn_type = "anonymous"> 
                 monitored_ap 
                 <connection>  uvm_test_top.environment.writeback_env.writeback_predictor_h.observed_writeback_in  </connection> 
              </port> 
  
              <instance type=" writeback_in_monitor "> 
                 writeback_in_agent_h_monitor 
  
                 <port if_type = "uvm_analysis_port" txn_type = "anonymous"> 
                    monitored_ap 
                    <connection>  uvm_test_top.environment.writeback_env.writeback_in_agent_h.monitored_ap  </connection> 
                 </port> 
              </instance> 
  
           </instance> 
  
  
           <instance type=" writeback_out_agent "> 
              writeback_out_agent_h 
  
              <port if_type = "uvm_analysis_port" txn_type = "anonymous"> 
                 monitored_ap 
                 <connection>  uvm_test_top.environment.writeback_env.writeback_scoreboard_h.actual_analysis_export  </connection> 
              </port> 
  
              <instance type=" writeback_out_monitor "> 
                 writeback_out_agent_h_monitor 
  
                 <port if_type = "uvm_analysis_port" txn_type = "anonymous"> 
                    monitored_ap 
                    <connection>  uvm_test_top.environment.writeback_env.writeback_out_agent_h.monitored_ap  </connection> 
                 </port> 
              </instance> 
  
           </instance> 
  
  
           <instance type=" uvm_component "> 
              writeback_predictor_h 
  
              <imp if_type = "uvm_analysis_imp_observed_writeback_in" txn_type = "anonymous"> 
                 observed_writeback_in 
              </imp> 
  
              <port if_type = "uvm_analysis_port" txn_type = "anonymous"> 
                 pred_writeback_out 
                 <connection>  uvm_test_top.environment.writeback_env.writeback_scoreboard_h.expected_analysis_export  </connection> 
              </port> 
           </instance> 
  
  
           <instance type=" uvm_scoreboard "> 
              writeback_scoreboard_h 
  
              <imp if_type = "uvm_analysis_imp_actual" txn_type = "anonymous"> 
                 actual_analysis_export 
              </imp> 
  
              <imp if_type = "uvm_analysis_imp_expected" txn_type = "anonymous"> 
                 expected_analysis_export 
              </imp> 
           </instance> 
  
        </instance> 
  
     </instance> 
  
  </instance> 
  
  </certe_dump>