<?xml version="1.0"?>
<?mso-application progid="Excel.Sheet"?>
<Workbook xmlns="urn:schemas-microsoft-com:office:spreadsheet"
 xmlns:o="urn:schemas-microsoft-com:office:office"
 xmlns:x="urn:schemas-microsoft-com:office:excel"
 xmlns:ss="urn:schemas-microsoft-com:office:spreadsheet"
 xmlns:html="http://www.w3.org/TR/REC-html40">
 <DocumentProperties xmlns="urn:schemas-microsoft-com:office:office">
  <Author>Allan Crone</Author>
  <LastAuthor>GAUTAM DEVANAND</LastAuthor>
  <Created>2006-10-02T07:59:43Z</Created>
  <LastSaved>2020-11-23T00:34:57Z</LastSaved>
  <Company>Mentor Graphics</Company>
  <Version>16.00</Version>
 </DocumentProperties>
 <OfficeDocumentSettings xmlns="urn:schemas-microsoft-com:office:office">
  <AllowPNG/>
 </OfficeDocumentSettings>
 <ExcelWorkbook xmlns="urn:schemas-microsoft-com:office:excel">
  <WindowHeight>8676</WindowHeight>
  <WindowWidth>19008</WindowWidth>
  <WindowTopX>32767</WindowTopX>
  <WindowTopY>32767</WindowTopY>
  <TabRatio>416</TabRatio>
  <ProtectStructure>False</ProtectStructure>
  <ProtectWindows>False</ProtectWindows>
 </ExcelWorkbook>
 <Styles>
  <Style ss:ID="Default" ss:Name="Normal">
   <Alignment ss:Vertical="Bottom"/>
   <Borders/>
   <Font ss:FontName="Arial"/>
   <Interior/>
   <NumberFormat/>
   <Protection/>
  </Style>
  <Style ss:ID="s62">
   <NumberFormat ss:Format="@"/>
  </Style>
  <Style ss:ID="s63">
   <Font ss:FontName="Arial" x:Family="Swiss" ss:Size="16" ss:Bold="1"
    ss:Italic="1" ss:Underline="Single"/>
   <NumberFormat ss:Format="@"/>
  </Style>
  <Style ss:ID="s78">
   <Alignment ss:Vertical="Top" ss:WrapText="1"/>
   <Borders>
    <Border ss:Position="Bottom" ss:LineStyle="Continuous" ss:Weight="1"/>
    <Border ss:Position="Left" ss:LineStyle="Continuous" ss:Weight="1"/>
    <Border ss:Position="Right" ss:LineStyle="Continuous" ss:Weight="1"/>
    <Border ss:Position="Top" ss:LineStyle="Continuous" ss:Weight="1"/>
   </Borders>
   <Font ss:FontName="Arial"/>
   <Interior ss:Color="#C0C0C0" ss:Pattern="Solid"/>
   <NumberFormat ss:Format="@"/>
  </Style>
  <Style ss:ID="s79">
   <Alignment ss:Vertical="Top" ss:WrapText="1"/>
   <Borders>
    <Border ss:Position="Bottom" ss:LineStyle="Continuous" ss:Weight="1"/>
    <Border ss:Position="Left" ss:LineStyle="Continuous" ss:Weight="1"/>
    <Border ss:Position="Right" ss:LineStyle="Continuous" ss:Weight="1"/>
    <Border ss:Position="Top" ss:LineStyle="Continuous" ss:Weight="1"/>
   </Borders>
   <Font ss:FontName="Arial"/>
   <Interior ss:Color="#CCFFFF" ss:Pattern="Solid"/>
   <NumberFormat ss:Format="@"/>
  </Style>
  <Style ss:ID="s80">
   <Alignment ss:Vertical="Top" ss:WrapText="1"/>
   <Borders>
    <Border ss:Position="Bottom" ss:LineStyle="Continuous" ss:Weight="1"/>
    <Border ss:Position="Left" ss:LineStyle="Continuous" ss:Weight="1"/>
    <Border ss:Position="Right" ss:LineStyle="Continuous" ss:Weight="1"/>
    <Border ss:Position="Top" ss:LineStyle="Continuous" ss:Weight="1"/>
   </Borders>
   <Font ss:FontName="Arial" x:Family="Swiss"/>
   <Interior ss:Color="#CCFFFF" ss:Pattern="Solid"/>
  </Style>
  <Style ss:ID="s81">
   <Alignment ss:Vertical="Top" ss:WrapText="1"/>
   <Borders>
    <Border ss:Position="Bottom" ss:LineStyle="Continuous" ss:Weight="1"/>
    <Border ss:Position="Left" ss:LineStyle="Continuous" ss:Weight="1"/>
    <Border ss:Position="Right" ss:LineStyle="Continuous" ss:Weight="1"/>
    <Border ss:Position="Top" ss:LineStyle="Continuous" ss:Weight="1"/>
   </Borders>
   <Font ss:FontName="Calibri" x:Family="Swiss" ss:Size="11"/>
   <Interior ss:Color="#CCFFFF" ss:Pattern="Solid"/>
  </Style>
  <Style ss:ID="s82">
   <Alignment ss:Horizontal="Right" ss:Vertical="Top" ss:WrapText="1"/>
   <Borders>
    <Border ss:Position="Bottom" ss:LineStyle="Continuous" ss:Weight="1"/>
    <Border ss:Position="Left" ss:LineStyle="Continuous" ss:Weight="1"/>
    <Border ss:Position="Right" ss:LineStyle="Continuous" ss:Weight="1"/>
    <Border ss:Position="Top" ss:LineStyle="Continuous" ss:Weight="1"/>
   </Borders>
   <Font ss:FontName="Calibri" x:Family="Swiss" ss:Size="11"/>
   <Interior ss:Color="#CCFFFF" ss:Pattern="Solid"/>
   <NumberFormat/>
  </Style>
  <Style ss:ID="s83">
   <Borders>
    <Border ss:Position="Bottom" ss:LineStyle="Continuous" ss:Weight="1"/>
    <Border ss:Position="Left" ss:LineStyle="Continuous" ss:Weight="1"/>
    <Border ss:Position="Right" ss:LineStyle="Continuous" ss:Weight="1"/>
    <Border ss:Position="Top" ss:LineStyle="Continuous" ss:Weight="1"/>
   </Borders>
  </Style>
  <Style ss:ID="s84">
   <Alignment ss:Horizontal="Right" ss:Vertical="Top" ss:WrapText="1"/>
   <Borders>
    <Border ss:Position="Bottom" ss:LineStyle="Continuous" ss:Weight="1"/>
    <Border ss:Position="Left" ss:LineStyle="Continuous" ss:Weight="1"/>
    <Border ss:Position="Right" ss:LineStyle="Continuous" ss:Weight="1"/>
    <Border ss:Position="Top" ss:LineStyle="Continuous" ss:Weight="1"/>
   </Borders>
   <Font ss:FontName="Calibri" x:Family="Swiss" ss:Size="11"/>
   <Interior ss:Color="#CCFFFF" ss:Pattern="Solid"/>
  </Style>
  <Style ss:ID="s85">
   <Alignment ss:Horizontal="Right" ss:Vertical="Top" ss:WrapText="1"/>
   <Borders>
    <Border ss:Position="Bottom" ss:LineStyle="Continuous" ss:Weight="1"/>
    <Border ss:Position="Left" ss:LineStyle="Continuous" ss:Weight="1"/>
    <Border ss:Position="Right" ss:LineStyle="Continuous" ss:Weight="1"/>
    <Border ss:Position="Top" ss:LineStyle="Continuous" ss:Weight="1"/>
   </Borders>
   <Font ss:FontName="Calibri" x:Family="Swiss" ss:Size="11"/>
  </Style>
  <Style ss:ID="s86">
   <Alignment ss:Vertical="Top" ss:WrapText="1"/>
   <Borders>
    <Border ss:Position="Bottom" ss:LineStyle="Continuous" ss:Weight="1"/>
    <Border ss:Position="Left" ss:LineStyle="Continuous" ss:Weight="1"/>
    <Border ss:Position="Right" ss:LineStyle="Continuous" ss:Weight="1"/>
    <Border ss:Position="Top" ss:LineStyle="Continuous" ss:Weight="1"/>
   </Borders>
   <Font ss:FontName="Arial"/>
  </Style>
  <Style ss:ID="s87">
   <Alignment ss:Vertical="Top" ss:WrapText="1"/>
   <Borders>
    <Border ss:Position="Bottom" ss:LineStyle="Continuous" ss:Weight="1"/>
    <Border ss:Position="Left" ss:LineStyle="Continuous" ss:Weight="1"/>
    <Border ss:Position="Right" ss:LineStyle="Continuous" ss:Weight="1"/>
    <Border ss:Position="Top" ss:LineStyle="Continuous" ss:Weight="1"/>
   </Borders>
   <Font ss:FontName="Arial"/>
   <Interior ss:Color="#C0C0C0" ss:Pattern="Solid"/>
   <NumberFormat/>
  </Style>
  <Style ss:ID="s88">
   <Alignment ss:Vertical="Top" ss:WrapText="1"/>
   <Borders>
    <Border ss:Position="Bottom" ss:LineStyle="Continuous" ss:Weight="1"/>
    <Border ss:Position="Left" ss:LineStyle="Continuous" ss:Weight="1"/>
    <Border ss:Position="Right" ss:LineStyle="Continuous" ss:Weight="1"/>
    <Border ss:Position="Top" ss:LineStyle="Continuous" ss:Weight="1"/>
   </Borders>
   <Font ss:FontName="Arial"/>
   <Interior ss:Color="#CCFFFF" ss:Pattern="Solid"/>
   <NumberFormat/>
  </Style>
  <Style ss:ID="s89">
   <Alignment ss:Vertical="Top" ss:WrapText="1"/>
   <Borders>
    <Border ss:Position="Bottom" ss:LineStyle="Continuous" ss:Weight="1"/>
    <Border ss:Position="Left" ss:LineStyle="Continuous" ss:Weight="1"/>
    <Border ss:Position="Right" ss:LineStyle="Continuous" ss:Weight="1"/>
    <Border ss:Position="Top" ss:LineStyle="Continuous" ss:Weight="1"/>
   </Borders>
   <Font ss:FontName="Calibri" x:Family="Swiss" ss:Size="11"/>
  </Style>
  <Style ss:ID="s90">
   <Alignment ss:Vertical="Top" ss:WrapText="1"/>
   <Borders>
    <Border ss:Position="Bottom" ss:LineStyle="Continuous" ss:Weight="1"/>
    <Border ss:Position="Left" ss:LineStyle="Continuous" ss:Weight="1"/>
    <Border ss:Position="Right" ss:LineStyle="Continuous" ss:Weight="1"/>
    <Border ss:Position="Top" ss:LineStyle="Continuous" ss:Weight="1"/>
   </Borders>
   <Font ss:FontName="Arial"/>
   <Interior/>
   <NumberFormat/>
  </Style>
  <Style ss:ID="s91">
   <Alignment ss:Vertical="Top" ss:WrapText="1"/>
   <Borders>
    <Border ss:Position="Bottom" ss:LineStyle="Continuous" ss:Weight="1"/>
    <Border ss:Position="Left" ss:LineStyle="Continuous" ss:Weight="1"/>
    <Border ss:Position="Right" ss:LineStyle="Continuous" ss:Weight="1"/>
    <Border ss:Position="Top" ss:LineStyle="Continuous" ss:Weight="1"/>
   </Borders>
   <Font ss:FontName="Calibri" x:Family="Swiss" ss:Size="11"/>
   <Interior ss:Color="#FFFFFF" ss:Pattern="Solid"/>
  </Style>
  <Style ss:ID="s92">
   <Borders>
    <Border ss:Position="Bottom" ss:LineStyle="Continuous" ss:Weight="1"/>
    <Border ss:Position="Left" ss:LineStyle="Continuous" ss:Weight="1"/>
    <Border ss:Position="Right" ss:LineStyle="Continuous" ss:Weight="1"/>
    <Border ss:Position="Top" ss:LineStyle="Continuous" ss:Weight="1"/>
   </Borders>
   <Font ss:FontName="Arial" x:Family="Swiss" ss:Size="14" ss:Bold="1"/>
   <Interior ss:Color="#99CCFF" ss:Pattern="Solid"/>
   <NumberFormat ss:Format="@"/>
  </Style>
  <Style ss:ID="s94">
   <Alignment ss:Horizontal="Right" ss:Vertical="Top" ss:WrapText="1"/>
   <Borders>
    <Border ss:Position="Bottom" ss:LineStyle="Continuous" ss:Weight="1"/>
    <Border ss:Position="Left" ss:LineStyle="Continuous" ss:Weight="1"/>
    <Border ss:Position="Right" ss:LineStyle="Continuous" ss:Weight="1"/>
    <Border ss:Position="Top" ss:LineStyle="Continuous" ss:Weight="1"/>
   </Borders>
   <Font ss:FontName="Calibri" x:Family="Swiss" ss:Size="11"/>
   <Interior ss:Color="#C0C0C0" ss:Pattern="Solid"/>
   <NumberFormat/>
  </Style>
  <Style ss:ID="s95">
   <Borders>
    <Border ss:Position="Bottom" ss:LineStyle="Continuous" ss:Weight="1"/>
    <Border ss:Position="Left" ss:LineStyle="Continuous" ss:Weight="1"/>
    <Border ss:Position="Right" ss:LineStyle="Continuous" ss:Weight="1"/>
    <Border ss:Position="Top" ss:LineStyle="Continuous" ss:Weight="1"/>
   </Borders>
   <Font ss:FontName="Arial" x:Family="Swiss" ss:Size="14" ss:Bold="1"/>
   <Interior ss:Color="#99CCFF" ss:Pattern="Solid"/>
  </Style>
  <Style ss:ID="s108">
   <Alignment ss:Vertical="Top" ss:WrapText="1"/>
   <Borders>
    <Border ss:Position="Bottom" ss:LineStyle="Continuous" ss:Weight="1"/>
    <Border ss:Position="Left" ss:LineStyle="Continuous" ss:Weight="1"/>
    <Border ss:Position="Right" ss:LineStyle="Continuous" ss:Weight="1"/>
    <Border ss:Position="Top" ss:LineStyle="Continuous" ss:Weight="1"/>
   </Borders>
   <Interior ss:Color="#C0C0C0" ss:Pattern="Solid"/>
  </Style>
  <Style ss:ID="s112">
   <Alignment ss:Vertical="Top" ss:WrapText="1"/>
   <Borders>
    <Border ss:Position="Bottom" ss:LineStyle="Continuous" ss:Weight="1"/>
    <Border ss:Position="Left" ss:LineStyle="Continuous" ss:Weight="1"/>
    <Border ss:Position="Right" ss:LineStyle="Continuous" ss:Weight="1"/>
    <Border ss:Position="Top" ss:LineStyle="Continuous" ss:Weight="1"/>
   </Borders>
  </Style>
  <Style ss:ID="s116">
   <Alignment ss:Vertical="Top" ss:WrapText="1"/>
   <Borders>
    <Border ss:Position="Bottom" ss:LineStyle="Continuous" ss:Weight="1"/>
    <Border ss:Position="Left" ss:LineStyle="Continuous" ss:Weight="1"/>
    <Border ss:Position="Right" ss:LineStyle="Continuous" ss:Weight="1"/>
    <Border ss:Position="Top" ss:LineStyle="Continuous" ss:Weight="1"/>
   </Borders>
   <Interior ss:Color="#C0C0C0" ss:Pattern="Solid"/>
   <NumberFormat ss:Format="@"/>
  </Style>
 </Styles>
 <Worksheet ss:Name="AHB to WB Bridge Test Plan">
  <Table ss:ExpandedColumnCount="10" ss:ExpandedRowCount="30" x:FullColumns="1"
   x:FullRows="1" ss:DefaultColumnWidth="52.8" ss:DefaultRowHeight="12">
   <Column ss:StyleID="s62" ss:AutoFitWidth="0" ss:Width="67.8"/>
   <Column ss:AutoFitWidth="0" ss:Width="181.2"/>
   <Column ss:Width="244.2"/>
   <Column ss:AutoFitWidth="0" ss:Width="238.8"/>
   <Column ss:AutoFitWidth="0" ss:Width="81"/>
   <Column ss:AutoFitWidth="0" ss:Width="61.8"/>
   <Column ss:AutoFitWidth="0" ss:Width="45"/>
   <Column ss:AutoFitWidth="0" ss:Width="81" ss:Span="2"/>
   <Row ss:AutoFitHeight="0" ss:Height="22.05">
    <Cell ss:StyleID="s63"><Data ss:Type="String">Verification Plan for LC3 testbench</Data></Cell>
   </Row>
   <Row ss:AutoFitHeight="0" ss:Height="13.049999999999999"/>
   <Row ss:AutoFitHeight="0" ss:Height="18">
    <Cell ss:StyleID="s92"><Data ss:Type="String">#</Data></Cell>
    <Cell ss:StyleID="s95"><Data ss:Type="String">Section</Data></Cell>
    <Cell ss:StyleID="s95"><Data ss:Type="String">Description</Data></Cell>
    <Cell ss:StyleID="s95"><Data ss:Type="String">Link</Data></Cell>
    <Cell ss:StyleID="s95"><Data ss:Type="String">Type</Data></Cell>
    <Cell ss:StyleID="s95"><Data ss:Type="String">Weight</Data></Cell>
    <Cell ss:StyleID="s95"><Data ss:Type="String">Goal</Data></Cell>
    <Cell ss:StyleID="s95"><Data ss:Type="String">Owner</Data></Cell>
    <Cell ss:StyleID="s95"><Data ss:Type="String">Manager</Data></Cell>
    <Cell ss:StyleID="s95"><Data ss:Type="String">Priority</Data></Cell>
   </Row>
   <Row ss:AutoFitHeight="0" ss:Height="13.8">
    <Cell ss:StyleID="s79"><Data ss:Type="String">1</Data></Cell>
    <Cell ss:StyleID="s88"><Data ss:Type="String">Instruction Memory Coverage</Data></Cell>
    <Cell ss:StyleID="s88"/>
    <Cell ss:StyleID="s88"/>
    <Cell ss:StyleID="s88"/>
    <Cell ss:StyleID="s88"><Data ss:Type="Number">1</Data></Cell>
    <Cell ss:StyleID="s88"><Data ss:Type="Number">100</Data></Cell>
    <Cell ss:StyleID="s88"/>
    <Cell ss:StyleID="s88"/>
    <Cell ss:StyleID="s88"/>
   </Row>
   <Row ss:AutoFitHeight="0" ss:Height="13.049999999999999">
    <Cell ss:StyleID="s78"><Data ss:Type="String">1.1</Data></Cell>
    <Cell ss:StyleID="s86"><Data ss:Type="String">ALU Covergroup</Data></Cell>
    <Cell ss:StyleID="s86"><Data ss:Type="String">Covergroup for ALU instruction</Data></Cell>
    <Cell ss:StyleID="s86"><Data ss:Type="String">alu_cg</Data></Cell>
    <Cell ss:StyleID="s86"><Data ss:Type="String">CoverGroup</Data></Cell>
    <Cell ss:StyleID="s90"><Data ss:Type="Number">1</Data></Cell>
    <Cell ss:StyleID="s90"><Data ss:Type="Number">100</Data></Cell>
    <Cell ss:StyleID="s87"/>
    <Cell ss:StyleID="s87"/>
    <Cell ss:StyleID="s87"><Data ss:Type="Number">1</Data></Cell>
   </Row>
   <Row ss:AutoFitHeight="0" ss:Height="13.049999999999999">
    <Cell ss:StyleID="s78"><Data ss:Type="String">1.2</Data></Cell>
    <Cell ss:StyleID="s86"><Data ss:Type="String">instruction opcode coverpoint</Data></Cell>
    <Cell ss:StyleID="s86"><Data ss:Type="String">checks alu instruction type</Data></Cell>
    <Cell ss:StyleID="s86"><Data ss:Type="String">alu_cg::alu_instruction_opcode_cp</Data></Cell>
    <Cell ss:StyleID="s86"><Data ss:Type="String">Coverpoint</Data></Cell>
    <Cell ss:StyleID="s90"><Data ss:Type="Number">1</Data></Cell>
    <Cell ss:StyleID="s90"><Data ss:Type="Number">100</Data></Cell>
    <Cell ss:StyleID="s87"/>
    <Cell ss:StyleID="s87"/>
    <Cell ss:StyleID="s87"><Data ss:Type="Number">1</Data></Cell>
   </Row>
   <Row ss:AutoFitHeight="0" ss:Height="13.049999999999999">
    <Cell ss:StyleID="s78"><Data ss:Type="String">1.3</Data></Cell>
    <Cell ss:StyleID="s86"><Data ss:Type="String">alu and add coverpoint</Data></Cell>
    <Cell ss:StyleID="s86"><Data ss:Type="String">checks and add alu  type instruction</Data></Cell>
    <Cell ss:StyleID="s86"><Data ss:Type="String">alu_cg::alu_and_add_cp</Data></Cell>
    <Cell ss:StyleID="s86"><Data ss:Type="String">Coverpoint</Data></Cell>
    <Cell ss:StyleID="s90"><Data ss:Type="Number">1</Data></Cell>
    <Cell ss:StyleID="s90"><Data ss:Type="Number">100</Data></Cell>
    <Cell ss:StyleID="s87"/>
    <Cell ss:StyleID="s87"/>
    <Cell ss:StyleID="s87"><Data ss:Type="Number">1</Data></Cell>
   </Row>
   <Row ss:AutoFitHeight="0" ss:Height="13.049999999999999">
    <Cell ss:StyleID="s78"><Data ss:Type="String">1.4</Data></Cell>
    <Cell ss:StyleID="s86"><Data ss:Type="String">not coverpoint</Data></Cell>
    <Cell ss:StyleID="s86"><Data ss:Type="String">checks not type instruction</Data></Cell>
    <Cell ss:StyleID="s86"><Data ss:Type="String">alu_cg::alu_not_cp</Data></Cell>
    <Cell ss:StyleID="s86"><Data ss:Type="String">Coverpoint</Data></Cell>
    <Cell ss:StyleID="s90"><Data ss:Type="Number">1</Data></Cell>
    <Cell ss:StyleID="s90"><Data ss:Type="Number">100</Data></Cell>
    <Cell ss:StyleID="s87"/>
    <Cell ss:StyleID="s87"/>
    <Cell ss:StyleID="s87"><Data ss:Type="Number">1</Data></Cell>
   </Row>
   <Row ss:AutoFitHeight="0" ss:Height="13.049999999999999">
    <Cell ss:StyleID="s78"><Data ss:Type="String">1.5</Data></Cell>
    <Cell ss:StyleID="s86"><Data ss:Type="String">valid sr1 for alu coverpoint</Data></Cell>
    <Cell ss:StyleID="s86"><Data ss:Type="String">checks valid sr1 for alu instruction</Data></Cell>
    <Cell ss:StyleID="s86"><Data ss:Type="String">alu_cg::alu_valid_SR1_cp</Data></Cell>
    <Cell ss:StyleID="s86"><Data ss:Type="String">Coverpoint</Data></Cell>
    <Cell ss:StyleID="s90"><Data ss:Type="Number">1</Data></Cell>
    <Cell ss:StyleID="s90"><Data ss:Type="Number">100</Data></Cell>
    <Cell ss:StyleID="s87"/>
    <Cell ss:StyleID="s87"/>
    <Cell ss:StyleID="s87"><Data ss:Type="Number">1</Data></Cell>
   </Row>
   <Row ss:AutoFitHeight="0" ss:Height="13.049999999999999">
    <Cell ss:StyleID="s78"><Data ss:Type="String">1.6</Data></Cell>
    <Cell ss:StyleID="s86"><Data ss:Type="String">vali sr2 for alu coverpoint</Data></Cell>
    <Cell ss:StyleID="s86"><Data ss:Type="String">checks vali sr2 for alu instruction</Data></Cell>
    <Cell ss:StyleID="s86"><Data ss:Type="String">alu_cg::alu_valid_SR2_cp</Data></Cell>
    <Cell ss:StyleID="s86"><Data ss:Type="String">Coverpoint</Data></Cell>
    <Cell ss:StyleID="s90"><Data ss:Type="Number">1</Data></Cell>
    <Cell ss:StyleID="s90"><Data ss:Type="Number">100</Data></Cell>
    <Cell ss:StyleID="s87"/>
    <Cell ss:StyleID="s87"/>
    <Cell ss:StyleID="s87"><Data ss:Type="Number">1</Data></Cell>
   </Row>
   <Row ss:AutoFitHeight="0" ss:Height="13.049999999999999">
    <Cell ss:StyleID="s78"><Data ss:Type="String">1.7</Data></Cell>
    <Cell ss:StyleID="s86"><Data ss:Type="String">valid dr for alu coverpoint</Data></Cell>
    <Cell ss:StyleID="s86"><Data ss:Type="String">checks valid dr for alu instruction</Data></Cell>
    <Cell ss:StyleID="s86"><Data ss:Type="String">alu_cg::alu_valid_DR_cp</Data></Cell>
    <Cell ss:StyleID="s86"><Data ss:Type="String">Coverpoint</Data></Cell>
    <Cell ss:StyleID="s90"><Data ss:Type="Number">1</Data></Cell>
    <Cell ss:StyleID="s90"><Data ss:Type="Number">100</Data></Cell>
    <Cell ss:StyleID="s87"/>
    <Cell ss:StyleID="s87"/>
    <Cell ss:StyleID="s87"><Data ss:Type="Number">1</Data></Cell>
   </Row>
   <Row ss:AutoFitHeight="0" ss:Height="13.049999999999999">
    <Cell ss:StyleID="s78"><Data ss:Type="String">1.8</Data></Cell>
    <Cell ss:StyleID="s86"><Data ss:Type="String">valid  imm for alu coverpoint</Data></Cell>
    <Cell ss:StyleID="s86"><Data ss:Type="String">checks valid imm for alu cp</Data></Cell>
    <Cell ss:StyleID="s86"><Data ss:Type="String">alu_cg::imm_cp</Data></Cell>
    <Cell ss:StyleID="s86"><Data ss:Type="String">Coverpoint</Data></Cell>
    <Cell ss:StyleID="s90"><Data ss:Type="Number">1</Data></Cell>
    <Cell ss:StyleID="s90"><Data ss:Type="Number">100</Data></Cell>
    <Cell ss:StyleID="s87"/>
    <Cell ss:StyleID="s87"/>
    <Cell ss:StyleID="s87"><Data ss:Type="Number">1</Data></Cell>
   </Row>
   <Row ss:AutoFitHeight="0" ss:Height="13.049999999999999">
    <Cell ss:StyleID="s78"><Data ss:Type="String">1.9</Data></Cell>
    <Cell ss:StyleID="s86"><Data ss:Type="String">valid imm5 for alu coverpoint</Data></Cell>
    <Cell ss:StyleID="s86"><Data ss:Type="String">checks valid imm5 for alu cp</Data></Cell>
    <Cell ss:StyleID="s86"><Data ss:Type="String">alu_cg::imm5_val_range_cp</Data></Cell>
    <Cell ss:StyleID="s86"><Data ss:Type="String">Coverpoint</Data></Cell>
    <Cell ss:StyleID="s90"><Data ss:Type="Number">1</Data></Cell>
    <Cell ss:StyleID="s90"><Data ss:Type="Number">100</Data></Cell>
    <Cell ss:StyleID="s87"/>
    <Cell ss:StyleID="s87"/>
    <Cell ss:StyleID="s87"><Data ss:Type="Number">1</Data></Cell>
   </Row>
   <Row ss:AutoFitHeight="0" ss:Height="13.049999999999999">
    <Cell ss:StyleID="s78"><Data ss:Type="String">1.10</Data></Cell>
    <Cell ss:StyleID="s86"><Data ss:Type="String">MEM Covergroup</Data></Cell>
    <Cell ss:StyleID="s86"><Data ss:Type="String">Covergroup for MEM instruction</Data></Cell>
    <Cell ss:StyleID="s86"><Data ss:Type="String">mem_cg</Data></Cell>
    <Cell ss:StyleID="s86"><Data ss:Type="String">CoverGroup</Data></Cell>
    <Cell ss:StyleID="s90"><Data ss:Type="Number">1</Data></Cell>
    <Cell ss:StyleID="s90"><Data ss:Type="Number">100</Data></Cell>
    <Cell ss:StyleID="s87"/>
    <Cell ss:StyleID="s87"/>
    <Cell ss:StyleID="s87"><Data ss:Type="Number">1</Data></Cell>
   </Row>
   <Row ss:AutoFitHeight="0" ss:Height="13.049999999999999">
    <Cell ss:StyleID="s78"><Data ss:Type="String">1.11</Data></Cell>
    <Cell ss:StyleID="s86"><Data ss:Type="String">instr opcode coverpoint for mem</Data></Cell>
    <Cell ss:StyleID="s86"><Data ss:Type="String">checks for instruction opcode</Data></Cell>
    <Cell ss:StyleID="s86"><Data ss:Type="String">mem_cg::mem_instruction_opcode_cp</Data></Cell>
    <Cell ss:StyleID="s86"><Data ss:Type="String">Coverpoint</Data></Cell>
    <Cell ss:StyleID="s90"><Data ss:Type="Number">1</Data></Cell>
    <Cell ss:StyleID="s90"><Data ss:Type="Number">100</Data></Cell>
    <Cell ss:StyleID="s87"/>
    <Cell ss:StyleID="s87"/>
    <Cell ss:StyleID="s87"><Data ss:Type="Number">1</Data></Cell>
   </Row>
   <Row ss:AutoFitHeight="0" ss:Height="13.049999999999999">
    <Cell ss:StyleID="s78"><Data ss:Type="String">1.12</Data></Cell>
    <Cell ss:StyleID="s86"><Data ss:Type="String">mem load dr coverpoint</Data></Cell>
    <Cell ss:StyleID="s86"><Data ss:Type="String">checks mem load dr </Data></Cell>
    <Cell ss:StyleID="s86"><Data ss:Type="String">mem_cg::mem_load_dr_cp</Data></Cell>
    <Cell ss:StyleID="s86"><Data ss:Type="String">Coverpoint</Data></Cell>
    <Cell ss:StyleID="s90"><Data ss:Type="Number">1</Data></Cell>
    <Cell ss:StyleID="s90"><Data ss:Type="Number">100</Data></Cell>
    <Cell ss:StyleID="s87"/>
    <Cell ss:StyleID="s87"/>
    <Cell ss:StyleID="s87"><Data ss:Type="Number">1</Data></Cell>
   </Row>
   <Row ss:AutoFitHeight="0" ss:Height="13.049999999999999">
    <Cell ss:StyleID="s78"><Data ss:Type="String">1.13</Data></Cell>
    <Cell ss:StyleID="s86"><Data ss:Type="String">mem store sr coverpoint</Data></Cell>
    <Cell ss:StyleID="s86"><Data ss:Type="String">checks mem store sr</Data></Cell>
    <Cell ss:StyleID="s86"><Data ss:Type="String">mem_cg::mem_store_sr_cp</Data></Cell>
    <Cell ss:StyleID="s86"><Data ss:Type="String">Coverpoint</Data></Cell>
    <Cell ss:StyleID="s90"><Data ss:Type="Number">1</Data></Cell>
    <Cell ss:StyleID="s90"><Data ss:Type="Number">100</Data></Cell>
    <Cell ss:StyleID="s87"/>
    <Cell ss:StyleID="s87"/>
    <Cell ss:StyleID="s87"><Data ss:Type="Number">1</Data></Cell>
   </Row>
   <Row ss:AutoFitHeight="0" ss:Height="13.049999999999999">
    <Cell ss:StyleID="s78"><Data ss:Type="String">1.14</Data></Cell>
    <Cell ss:StyleID="s86"><Data ss:Type="String">mem baser coverpoint</Data></Cell>
    <Cell ss:StyleID="s86"><Data ss:Type="String">checks mem baser</Data></Cell>
    <Cell ss:StyleID="s86"><Data ss:Type="String">mem_cg::mem_baser_cp</Data></Cell>
    <Cell ss:StyleID="s86"><Data ss:Type="String">Coverpoint</Data></Cell>
    <Cell ss:StyleID="s90"><Data ss:Type="Number">1</Data></Cell>
    <Cell ss:StyleID="s90"><Data ss:Type="Number">100</Data></Cell>
    <Cell ss:StyleID="s87"/>
    <Cell ss:StyleID="s87"/>
    <Cell ss:StyleID="s87"><Data ss:Type="Number">1</Data></Cell>
   </Row>
   <Row ss:AutoFitHeight="0" ss:Height="13.049999999999999">
    <Cell ss:StyleID="s78"><Data ss:Type="String">1.15</Data></Cell>
    <Cell ss:StyleID="s86"><Data ss:Type="String">mem trasitions</Data></Cell>
    <Cell ss:StyleID="s86"><Data ss:Type="String">checks mem trasitions</Data></Cell>
    <Cell ss:StyleID="s86"><Data ss:Type="String">mem_cg::mem_transitions_cp</Data></Cell>
    <Cell ss:StyleID="s86"><Data ss:Type="String">Coverpoint</Data></Cell>
    <Cell ss:StyleID="s90"><Data ss:Type="Number">1</Data></Cell>
    <Cell ss:StyleID="s90"><Data ss:Type="Number">100</Data></Cell>
    <Cell ss:StyleID="s87"/>
    <Cell ss:StyleID="s87"/>
    <Cell ss:StyleID="s87"><Data ss:Type="Number">1</Data></Cell>
   </Row>
   <Row ss:AutoFitHeight="0" ss:Height="13.049999999999999">
    <Cell ss:StyleID="s78"><Data ss:Type="String">1.16</Data></Cell>
    <Cell ss:StyleID="s86"><Data ss:Type="String">BRANCH Covergroup</Data></Cell>
    <Cell ss:StyleID="s86"><Data ss:Type="String">Covergroup for BRANCH instruction</Data></Cell>
    <Cell ss:StyleID="s86"><Data ss:Type="String">branch_cg</Data></Cell>
    <Cell ss:StyleID="s86"><Data ss:Type="String">CoverGroup</Data></Cell>
    <Cell ss:StyleID="s90"><Data ss:Type="Number">1</Data></Cell>
    <Cell ss:StyleID="s90"><Data ss:Type="Number">100</Data></Cell>
    <Cell ss:StyleID="s87"/>
    <Cell ss:StyleID="s87"/>
    <Cell ss:StyleID="s87"><Data ss:Type="Number">1</Data></Cell>
   </Row>
   <Row ss:AutoFitHeight="0" ss:Height="13.049999999999999">
    <Cell ss:StyleID="s78"><Data ss:Type="String">1.17</Data></Cell>
    <Cell ss:StyleID="s86"><Data ss:Type="String">branch instr opcode</Data></Cell>
    <Cell ss:StyleID="s86"><Data ss:Type="String">checks for branch instr opcode</Data></Cell>
    <Cell ss:StyleID="s86"><Data ss:Type="String">branch_cg::branch_instruction_opcode_cp</Data></Cell>
    <Cell ss:StyleID="s86"><Data ss:Type="String">Coverpoint</Data></Cell>
    <Cell ss:StyleID="s90"><Data ss:Type="Number">1</Data></Cell>
    <Cell ss:StyleID="s90"><Data ss:Type="Number">100</Data></Cell>
    <Cell ss:StyleID="s87"/>
    <Cell ss:StyleID="s87"/>
    <Cell ss:StyleID="s87"><Data ss:Type="Number">1</Data></Cell>
   </Row>
   <Row ss:AutoFitHeight="0" ss:Height="13.049999999999999">
    <Cell ss:StyleID="s78"><Data ss:Type="String">1.18</Data></Cell>
    <Cell ss:StyleID="s86"><Data ss:Type="String">baser coverpoint</Data></Cell>
    <Cell ss:StyleID="s86"><Data ss:Type="String">checks for baser </Data></Cell>
    <Cell ss:StyleID="s86"><Data ss:Type="String">branch_cg::branch_BaseR_cp</Data></Cell>
    <Cell ss:StyleID="s86"><Data ss:Type="String">Coverpoint</Data></Cell>
    <Cell ss:StyleID="s90"><Data ss:Type="Number">1</Data></Cell>
    <Cell ss:StyleID="s90"><Data ss:Type="Number">100</Data></Cell>
    <Cell ss:StyleID="s87"/>
    <Cell ss:StyleID="s87"/>
    <Cell ss:StyleID="s87"><Data ss:Type="Number">1</Data></Cell>
   </Row>
   <Row ss:AutoFitHeight="0" ss:Height="13.049999999999999">
    <Cell ss:StyleID="s78"><Data ss:Type="String">1.19</Data></Cell>
    <Cell ss:StyleID="s86"><Data ss:Type="String">pcoffset9 coverpoint</Data></Cell>
    <Cell ss:StyleID="s86"><Data ss:Type="String">checks for pcoffset9 </Data></Cell>
    <Cell ss:StyleID="s86"><Data ss:Type="String">branch_cg::branch_PCoffset9_cp</Data></Cell>
    <Cell ss:StyleID="s86"><Data ss:Type="String">Coverpoint</Data></Cell>
    <Cell ss:StyleID="s90"><Data ss:Type="Number">1</Data></Cell>
    <Cell ss:StyleID="s90"><Data ss:Type="Number">100</Data></Cell>
    <Cell ss:StyleID="s87"/>
    <Cell ss:StyleID="s87"/>
    <Cell ss:StyleID="s87"><Data ss:Type="Number">1</Data></Cell>
   </Row>
   <Row ss:AutoFitHeight="0" ss:Height="13.049999999999999">
    <Cell ss:StyleID="s78"><Data ss:Type="String">1.20</Data></Cell>
    <Cell ss:StyleID="s86"><Data ss:Type="String">branchNZP cp</Data></Cell>
    <Cell ss:StyleID="s86"><Data ss:Type="String">checks for branchNZP</Data></Cell>
    <Cell ss:StyleID="s86"><Data ss:Type="String">branch_cg::branch_NZP_cp</Data></Cell>
    <Cell ss:StyleID="s86"><Data ss:Type="String">Coverpoint</Data></Cell>
    <Cell ss:StyleID="s90"><Data ss:Type="Number">1</Data></Cell>
    <Cell ss:StyleID="s90"><Data ss:Type="Number">100</Data></Cell>
    <Cell ss:StyleID="s87"/>
    <Cell ss:StyleID="s87"/>
    <Cell ss:StyleID="s87"><Data ss:Type="Number">1</Data></Cell>
   </Row>
   <Row ss:AutoFitHeight="0" ss:Height="13.049999999999999">
    <Cell ss:StyleID="s78"><Data ss:Type="String">1.21</Data></Cell>
    <Cell ss:StyleID="s86"><Data ss:Type="String">Branch transitions</Data></Cell>
    <Cell ss:StyleID="s86"><Data ss:Type="String">checks for Branch transitions</Data></Cell>
    <Cell ss:StyleID="s83"><Data ss:Type="String">branch_cg::control_transitions_cp</Data></Cell>
    <Cell ss:StyleID="s86"><Data ss:Type="String">Coverpoint</Data></Cell>
    <Cell ss:StyleID="s90"><Data ss:Type="Number">1</Data></Cell>
    <Cell ss:StyleID="s90"><Data ss:Type="Number">100</Data></Cell>
    <Cell ss:StyleID="s87"/>
    <Cell ss:StyleID="s87"/>
    <Cell ss:StyleID="s87"><Data ss:Type="Number">1</Data></Cell>
   </Row>
   <Row ss:AutoFitHeight="0" ss:Height="13.049999999999999">
    <Cell ss:StyleID="s82"><Data ss:Type="Number">2</Data></Cell>
    <Cell ss:StyleID="s81"><Data ss:Type="String">Code Coverage</Data></Cell>
    <Cell ss:StyleID="s80"/>
    <Cell ss:StyleID="s80"/>
    <Cell ss:StyleID="s80"/>
    <Cell ss:StyleID="s84"><Data ss:Type="Number">1</Data></Cell>
    <Cell ss:StyleID="s84"><Data ss:Type="Number">100</Data></Cell>
    <Cell ss:StyleID="s87"/>
    <Cell ss:StyleID="s87"/>
    <Cell ss:StyleID="s87"><Data ss:Type="Number">1</Data></Cell>
   </Row>
   <Row ss:AutoFitHeight="0" ss:Height="13.049999999999999">
    <Cell ss:StyleID="s94"><Data ss:Type="Number">2.1</Data></Cell>
    <Cell ss:StyleID="s91"><Data ss:Type="String">RTL Core</Data></Cell>
    <Cell ss:StyleID="s91"><Data ss:Type="String">Ensuring all the statements are covered for all the design blocks.</Data></Cell>
    <Cell ss:StyleID="s89"><Data ss:Type="String">/hdl_top/DUT</Data></Cell>
    <Cell ss:StyleID="s89"><Data ss:Type="String">Instance</Data></Cell>
    <Cell ss:StyleID="s85"><Data ss:Type="Number">1</Data></Cell>
    <Cell ss:StyleID="s85"><Data ss:Type="Number">100</Data></Cell>
    <Cell ss:StyleID="s87"/>
    <Cell ss:StyleID="s87"/>
    <Cell ss:StyleID="s87"><Data ss:Type="Number">1</Data></Cell>
   </Row>
   <Row ss:AutoFitHeight="0" ss:Height="13.049999999999999">
    <Cell ss:StyleID="s116"/>
    <Cell ss:StyleID="s112"/>
    <Cell ss:StyleID="s112"/>
    <Cell ss:StyleID="s83"/>
    <Cell ss:StyleID="s112"/>
    <Cell ss:StyleID="s112"/>
    <Cell ss:StyleID="s112"/>
    <Cell ss:StyleID="s108"/>
    <Cell ss:StyleID="s108"/>
    <Cell ss:StyleID="s108"/>
   </Row>
   <Row ss:AutoFitHeight="0" ss:Height="13.049999999999999">
    <Cell ss:StyleID="s116"/>
    <Cell ss:StyleID="s112"/>
    <Cell ss:StyleID="s112"/>
    <Cell ss:StyleID="s83"/>
    <Cell ss:StyleID="s112"/>
    <Cell ss:StyleID="s112"/>
    <Cell ss:StyleID="s112"/>
    <Cell ss:StyleID="s108"/>
    <Cell ss:StyleID="s108"/>
    <Cell ss:StyleID="s108"/>
   </Row>
   <Row ss:AutoFitHeight="0" ss:Height="13.8"/>
  </Table>
  <WorksheetOptions xmlns="urn:schemas-microsoft-com:office:excel">
   <PageSetup>
    <Header x:Margin="0.3"/>
    <Footer x:Margin="0.3"/>
    <PageMargins x:Bottom="0.75" x:Left="0.7" x:Right="0.7" x:Top="0.75"/>
   </PageSetup>
   <Unsynced/>
   <Print>
    <ValidPrinterInfo/>
    <PaperSizeIndex>9</PaperSizeIndex>
    <HorizontalResolution>600</HorizontalResolution>
    <VerticalResolution>600</VerticalResolution>
   </Print>
   <Selected/>
   <Panes>
    <Pane>
     <Number>3</Number>
     <ActiveRow>29</ActiveRow>
     <ActiveCol>1</ActiveCol>
    </Pane>
   </Panes>
   <ProtectObjects>False</ProtectObjects>
   <ProtectScenarios>False</ProtectScenarios>
   <x:PageLayoutZoom>0</x:PageLayoutZoom>
  </WorksheetOptions>
 </Worksheet>
 <Worksheet ss:Name="Sheet2">
  <Table ss:ExpandedColumnCount="1" ss:ExpandedRowCount="1" x:FullColumns="1"
   x:FullRows="1" ss:DefaultRowHeight="12.45">
   <Row ss:AutoFitHeight="0"/>
  </Table>
  <WorksheetOptions xmlns="urn:schemas-microsoft-com:office:excel">
   <PageSetup>
    <Header x:Margin="0.3"/>
    <Footer x:Margin="0.3"/>
    <PageMargins x:Bottom="0.75" x:Left="0.7" x:Right="0.7" x:Top="0.75"/>
   </PageSetup>
   <Unsynced/>
   <ProtectObjects>False</ProtectObjects>
   <ProtectScenarios>False</ProtectScenarios>
  </WorksheetOptions>
 </Worksheet>
</Workbook>
